{"stats":{"minecraft:crafted":{"minecraft:oak_planks":16,"minecraft:crafting_table":1,"minecraft:stick":4,"minecraft:wooden_axe":1},"minecraft:picked_up":{"minecraft:crafting_table":1,"minecraft:rotten_flesh":2,"minecraft:leather":1,"minecraft:red_mushroom":1,"minecraft:beef":1,"minecraft:oak_log":4,"minecraft:dark_oak_log":4,"minecraft:dirt":5},"minecraft:dropped":{"minecraft:dirt":3,"minecraft:dark_oak_log":1,"minecraft:red_mushroom":1},"minecraft:custom":{"minecraft:time_since_rest":141,"minecraft:walk_one_cm":8725,"minecraft:play_time":16270,"minecraft:sprint_one_cm":6595,"minecraft:damage_taken":490,"minecraft:deaths":2,"minecraft:mob_kills":2,"minecraft:drop":3,"minecraft:jump":64,"minecraft:damage_dealt":522,"minecraft:leave_game":1,"minecraft:time_since_death":0,"minecraft:total_world_time":16270,"minecraft:climb_one_cm":287,"minecraft:interact_with_crafting_table":3,"minecraft:fly_one_cm":11429,"minecraft:fall_one_cm":4375},"minecraft:killed_by":{"minecraft:zombie":1},"minecraft:used":{"minecraft:wooden_axe":20,"minecraft:dirt":2,"minecraft:dark_oak_log":3,"minecraft:crafting_table":1},"minecraft:killed":{"minecraft:zombie":1,"minecraft:cow":1},"minecraft:mined":{"minecraft:grass":6,"minecraft:grass_block":3,"minecraft:oak_log":4,"minecraft:dirt":2,"minecraft:mushroom_stem":3,"minecraft:red_mushroom_block":3,"minecraft:dark_oak_log":4,"minecraft:crafting_table":1,"minecraft:fern":1}},"DataVersion":3465}