{"stats":{"minecraft:crafted":{"minecraft:oak_planks":4,"minecraft:crafting_table":1},"minecraft:picked_up":{"minecraft:red_mushroom":1,"minecraft:oak_log":4,"minecraft:dirt":2},"minecraft:dropped":{"minecraft:red_mushroom":1},"minecraft:custom":{"minecraft:time_since_rest":4475,"minecraft:walk_one_cm":2385,"minecraft:play_time":4823,"minecraft:sprint_one_cm":3281,"minecraft:damage_taken":240,"minecraft:deaths":1,"minecraft:drop":1,"minecraft:jump":23,"minecraft:damage_dealt":10,"minecraft:time_since_death":4447,"minecraft:total_world_time":4823,"minecraft:climb_one_cm":214,"minecraft:fly_one_cm":3190,"minecraft:fall_one_cm":3154},"minecraft:used":{"minecraft:dirt":2},"minecraft:mined":{"minecraft:grass":4,"minecraft:grass_block":2,"minecraft:oak_log":4,"minecraft:mushroom_stem":3,"minecraft:red_mushroom_block":3,"minecraft:fern":1}},"DataVersion":3465}